jurisdiction,congestion_impact_score,total_violations_in_zone,junction_violations,peak_hour,center_lat,center_lon
Upparpet,525778.5,218601,122871,5,12.976460874249655,77.59950129290442
Chikkajala,4615.0,4615,0,23,13.18583849206349,77.681051984127
K.R. Pura,207.0,207,0,6,13.046826086956521,77.75186956521739
Devanahalli Airport,20.0,20,0,4,13.245166666666668,77.7128
